{
  "world_lower": [
    -11.593440055847168,
    -0.12755300104618073,
    -5.392021179199219
  ],
  "world_upper": [
    4.757026195526123,
    4.278782844543457,
    2.886620044708252
  ],
  "y_query": -0.02755300104618072,
  "grid_res": 0.2,
  "shape": [
    42,
    82
  ]
}