{
  "world_lower": [
    -7.626046180725098,
    -3.115588903427124,
    -4.360963821411133
  ],
  "world_upper": [
    4.156017780303955,
    10.201534271240234,
    17.44729995727539
  ],
  "y_query": -3.015588903427124,
  "grid_res": 0.2,
  "shape": [
    110,
    59
  ]
}