{
  "world_lower": [
    -0.39951300621032715,
    -0.2858540117740631,
    -12.485780715942383
  ],
  "world_upper": [
    19.287181854248047,
    7.9352827072143555,
    12.988896369934082
  ],
  "y_query": -0.1858540117740631,
  "grid_res": 0.2,
  "shape": [
    128,
    99
  ]
}