{
  "world_lower": [
    -8.662233352661133,
    -0.40895798802375793,
    -9.087093353271484
  ],
  "world_upper": [
    3.1846749782562256,
    8.285197257995605,
    2.853996992111206
  ],
  "y_query": -0.30895798802375796,
  "grid_res": 0.2,
  "shape": [
    60,
    60
  ]
}