{
  "world_lower": [
    -3.66013503074646,
    -3.668761968612671,
    -4.203400135040283
  ],
  "world_upper": [
    20.577272415161133,
    6.219624996185303,
    21.383817672729492
  ],
  "y_query": -3.568761968612671,
  "grid_res": 0.2,
  "shape": [
    128,
    122
  ]
}