{
  "world_lower": [
    -5.002514839172363,
    -1.4843499660491943,
    -6.143715858459473
  ],
  "world_upper": [
    19.664777755737305,
    8.564277648925781,
    17.996341705322266
  ],
  "y_query": -1.3843499660491942,
  "grid_res": 0.2,
  "shape": [
    121,
    124
  ]
}