{
  "world_lower": [
    -1.4674749374389648,
    -3.996574878692627,
    -8.127975463867188
  ],
  "world_upper": [
    27.393856048583984,
    8.247217178344727,
    6.831154823303223
  ],
  "y_query": -3.896574878692627,
  "grid_res": 0.2,
  "shape": [
    75,
    145
  ]
}