{
  "world_lower": [
    -15.952364921569824,
    -0.10333500057458878,
    -12.186731338500977
  ],
  "world_upper": [
    2.115900993347168,
    7.812028884887695,
    23.090322494506836
  ],
  "y_query": -0.00333500057458877,
  "grid_res": 0.2,
  "shape": [
    177,
    91
  ]
}