{
  "world_lower": [
    -21.60101318359375,
    -2.848159074783325,
    -3.3626279830932617
  ],
  "world_upper": [
    0.7939140200614929,
    9.748380661010742,
    11.962492942810059
  ],
  "y_query": -2.748159074783325,
  "grid_res": 0.2,
  "shape": [
    77,
    112
  ]
}