{
  "world_lower": [
    -29.607219696044922,
    -0.862205982208252,
    -25.07943344116211
  ],
  "world_upper": [
    6.012153148651123,
    6.348284721374512,
    1.8575439453125
  ],
  "y_query": -0.762205982208252,
  "grid_res": 0.2,
  "shape": [
    135,
    179
  ]
}