{
  "world_lower": [
    -20.99431610107422,
    -0.09934300184249878,
    -13.998106956481934
  ],
  "world_upper": [
    4.536180019378662,
    5.251488208770752,
    6.298536777496338
  ],
  "y_query": 0.0006569981575012263,
  "grid_res": 0.2,
  "shape": [
    102,
    128
  ]
}