{
  "world_lower": [
    -9.06475830078125,
    -2.8458664417266846,
    -4.664548873901367
  ],
  "world_upper": [
    0.9223020076751709,
    10.721704483032227,
    1.0413514375686646
  ],
  "y_query": -2.7458664417266845,
  "grid_res": 0.2,
  "shape": [
    29,
    50
  ]
}