{
  "world_lower": [
    -12.587733268737793,
    -1.1379585266113281,
    -8.685391426086426
  ],
  "world_upper": [
    2.2040350437164307,
    5.521718502044678,
    1.2113953828811646
  ],
  "y_query": -1.037958526611328,
  "grid_res": 0.2,
  "shape": [
    50,
    74
  ]
}