{
  "world_lower": [
    -13.8837890625,
    -0.7254700660705566,
    -12.404092788696289
  ],
  "world_upper": [
    6.286623954772949,
    10.511805534362793,
    6.908852577209473
  ],
  "y_query": -0.6254700660705567,
  "grid_res": 0.2,
  "shape": [
    97,
    101
  ]
}