{
  "world_lower": [
    -4.561868190765381,
    -0.14902496337890625,
    -12.840788841247559
  ],
  "world_upper": [
    6.838930130004883,
    6.15131139755249,
    3.689879894256592
  ],
  "y_query": -0.049024963378906244,
  "grid_res": 0.2,
  "shape": [
    83,
    58
  ]
}