{
  "world_lower": [
    -7.559504985809326,
    -0.03541851043701172,
    -11.183684349060059
  ],
  "world_upper": [
    1.2492040395736694,
    4.906620025634766,
    3.060699224472046
  ],
  "y_query": 0.06458148956298829,
  "grid_res": 0.2,
  "shape": [
    72,
    45
  ]
}