{
  "world_lower": [
    -10.608795166015625,
    -2.6631345748901367,
    -3.0215978622436523
  ],
  "world_upper": [
    0.7390140295028687,
    6.633497714996338,
    8.397643089294434
  ],
  "y_query": -2.5631345748901366,
  "grid_res": 0.2,
  "shape": [
    58,
    57
  ]
}