{
  "world_lower": [
    -11.579874038696289,
    -0.12555575370788574,
    -5.12591552734375
  ],
  "world_upper": [
    9.205831527709961,
    8.089029312133789,
    7.624523162841797
  ],
  "y_query": -0.025555753707885737,
  "grid_res": 0.2,
  "shape": [
    64,
    104
  ]
}