{
  "world_lower": [
    -9.482879638671875,
    -2.899413824081421,
    -4.35477352142334
  ],
  "world_upper": [
    7.130858898162842,
    7.879907131195068,
    2.229004383087158
  ],
  "y_query": -2.799413824081421,
  "grid_res": 0.2,
  "shape": [
    33,
    84
  ]
}