{
  "world_lower": [
    -7.211199760437012,
    -0.1458425521850586,
    -6.481201171875
  ],
  "world_upper": [
    1.0331870317459106,
    4.234342575073242,
    1.182725429534912
  ],
  "y_query": -0.04584255218505859,
  "grid_res": 0.2,
  "shape": [
    39,
    42
  ]
}