{
  "world_lower": [
    -6.028839111328125,
    -2.319946527481079,
    -7.718810081481934
  ],
  "world_upper": [
    2.683745861053467,
    7.613330841064453,
    4.589113712310791
  ],
  "y_query": -2.219946527481079,
  "grid_res": 0.2,
  "shape": [
    62,
    44
  ]
}