{
  "world_lower": [
    -9.130514144897461,
    -0.024209022521972656,
    -5.902644157409668
  ],
  "world_upper": [
    0.6183189749717712,
    3.9063124656677246,
    0.5369000434875488
  ],
  "y_query": 0.07579097747802735,
  "grid_res": 0.2,
  "shape": [
    33,
    49
  ]
}