{
  "world_lower": [
    -8.48956298828125,
    -0.024829387664794922,
    -1.167205810546875
  ],
  "world_upper": [
    1.873945951461792,
    4.867702007293701,
    9.40673828125
  ],
  "y_query": 0.07517061233520508,
  "grid_res": 0.2,
  "shape": [
    53,
    52
  ]
}