{
  "world_lower": [
    -9.279129028320312,
    -0.11979600042104721,
    -27.956106185913086
  ],
  "world_upper": [
    72.29022216796875,
    4.728809833526611,
    32.234779357910156
  ],
  "y_query": -0.019796000421047205,
  "grid_res": 0.2,
  "shape": [
    301,
    408
  ]
}