{
  "world_lower": [
    -8.989837646484375,
    -0.11923074722290039,
    -17.19649314880371
  ],
  "world_upper": [
    3.117187976837158,
    7.986219882965088,
    1.6603460311889648
  ],
  "y_query": -0.019230747222900385,
  "grid_res": 0.2,
  "shape": [
    95,
    61
  ]
}