{
  "world_lower": [
    -12.233123779296875,
    -3.2379751205444336,
    -20.752471923828125
  ],
  "world_upper": [
    4.723145008087158,
    4.847361087799072,
    2.393218994140625
  ],
  "y_query": -3.1379751205444335,
  "grid_res": 0.2,
  "shape": [
    116,
    85
  ]
}