{
  "world_lower": [
    -5.397899150848389,
    -0.04562580585479736,
    -1.6507019996643066
  ],
  "world_upper": [
    4.641940116882324,
    4.245935440063477,
    5.188323497772217
  ],
  "y_query": 0.05437419414520264,
  "grid_res": 0.2,
  "shape": [
    35,
    51
  ]
}