{
  "world_lower": [
    -9.651397705078125,
    -2.4998016357421875,
    -2.4719278812408447
  ],
  "world_upper": [
    5.55701208114624,
    4.096757888793945,
    12.101241111755371
  ],
  "y_query": -2.3998016357421874,
  "grid_res": 0.2,
  "shape": [
    73,
    77
  ]
}