{
  "world_lower": [
    -5.743717193603516,
    -2.673413038253784,
    -2.2180793285369873
  ],
  "world_upper": [
    7.993621826171875,
    6.721776485443115,
    4.259520530700684
  ],
  "y_query": -2.573413038253784,
  "grid_res": 0.2,
  "shape": [
    33,
    69
  ]
}