{
  "world_lower": [
    -11.11587142944336,
    -0.1856999397277832,
    -10.024188995361328
  ],
  "world_upper": [
    2.51082706451416,
    7.262545108795166,
    6.782805442810059
  ],
  "y_query": -0.0856999397277832,
  "grid_res": 0.2,
  "shape": [
    85,
    69
  ]
}