{
  "world_lower": [
    -23.229246139526367,
    -2.726980209350586,
    -4.869872093200684
  ],
  "world_upper": [
    1.670638084411621,
    5.69594669342041,
    8.827664375305176
  ],
  "y_query": -2.626980209350586,
  "grid_res": 0.2,
  "shape": [
    69,
    125
  ]
}