{
  "world_lower": [
    -3.7192139625549316,
    -2.6565699577331543,
    -1.9373159408569336
  ],
  "world_upper": [
    1.8379900455474854,
    7.350903511047363,
    8.49432373046875
  ],
  "y_query": -2.556569957733154,
  "grid_res": 0.2,
  "shape": [
    53,
    28
  ]
}