{
  "world_lower": [
    -16.346179962158203,
    -0.06007575988769531,
    -9.545417785644531
  ],
  "world_upper": [
    9.373504638671875,
    5.614647388458252,
    19.689292907714844
  ],
  "y_query": 0.03992424011230469,
  "grid_res": 0.2,
  "shape": [
    147,
    129
  ]
}