{
  "world_lower": [
    -5.78668212890625,
    -0.14789915084838867,
    -13.753143310546875
  ],
  "world_upper": [
    9.469085693359375,
    5.1665778160095215,
    6.681365489959717
  ],
  "y_query": -0.047899150848388666,
  "grid_res": 0.2,
  "shape": [
    103,
    77
  ]
}