{
  "world_lower": [
    -4.250176906585693,
    -0.12989652156829834,
    -2.555745840072632
  ],
  "world_upper": [
    2.0306599140167236,
    4.05327844619751,
    9.57684326171875
  ],
  "y_query": -0.029896521568298334,
  "grid_res": 0.2,
  "shape": [
    61,
    32
  ]
}