{
  "world_lower": [
    -8.2093505859375,
    -0.06458425521850586,
    -8.229921340942383
  ],
  "world_upper": [
    0.8548139929771423,
    6.8343706130981445,
    2.157532215118408
  ],
  "y_query": 0.035415744781494146,
  "grid_res": 0.2,
  "shape": [
    52,
    46
  ]
}