{
  "world_lower": [
    -4.601287841796875,
    -2.766664981842041,
    -2.450570583343506
  ],
  "world_upper": [
    1.2489620447158813,
    7.496074676513672,
    9.834568977355957
  ],
  "y_query": -2.666664981842041,
  "grid_res": 0.2,
  "shape": [
    62,
    30
  ]
}