{
  "world_lower": [
    -1.1750400066375732,
    -2.8168342113494873,
    -9.482177734375
  ],
  "world_upper": [
    4.741006851196289,
    7.189864158630371,
    1.872326135635376
  ],
  "y_query": -2.716834211349487,
  "grid_res": 0.2,
  "shape": [
    57,
    30
  ]
}