{
  "world_lower": [
    -9.808202743530273,
    -3.143950939178467,
    -4.924546241760254
  ],
  "world_upper": [
    11.814453125,
    7.863462924957275,
    5.320189952850342
  ],
  "y_query": -3.0439509391784667,
  "grid_res": 0.2,
  "shape": [
    52,
    109
  ]
}