{
  "world_lower": [
    -12.81707763671875,
    -2.8809497356414795,
    -14.310483932495117
  ],
  "world_upper": [
    6.436400890350342,
    8.41585636138916,
    6.806732177734375
  ],
  "y_query": -2.7809497356414794,
  "grid_res": 0.2,
  "shape": [
    106,
    97
  ]
}