{
  "world_lower": [
    -0.5339980125427246,
    -0.013501979410648346,
    -2.970040798187256
  ],
  "world_upper": [
    3.627929925918579,
    3.9375009536743164,
    1.4326515197753906
  ],
  "y_query": 0.08649802058935166,
  "grid_res": 0.2,
  "shape": [
    23,
    21
  ]
}