{
  "world_lower": [
    -2.111830949783325,
    -0.021027207374572754,
    -4.123252868652344
  ],
  "world_upper": [
    5.625162124633789,
    3.9077301025390625,
    1.6892390251159668
  ],
  "y_query": 0.07897279262542725,
  "grid_res": 0.2,
  "shape": [
    30,
    39
  ]
}