{
  "world_lower": [
    -2.292968988418579,
    -3.4069643020629883,
    -6.307787895202637
  ],
  "world_upper": [
    10.393627166748047,
    4.34536075592041,
    11.515928268432617
  ],
  "y_query": -3.306964302062988,
  "grid_res": 0.2,
  "shape": [
    90,
    64
  ]
}