{
  "world_lower": [
    -7.534698009490967,
    -2.744128942489624,
    -3.3750879764556885
  ],
  "world_upper": [
    3.996936082839966,
    7.818109035491943,
    3.2012887001037598
  ],
  "y_query": -2.644128942489624,
  "grid_res": 0.2,
  "shape": [
    33,
    58
  ]
}