{
  "world_lower": [
    -7.49090576171875,
    -0.08805704116821289,
    -5.932097434997559
  ],
  "world_upper": [
    6.352662086486816,
    4.39339542388916,
    14.563267707824707
  ],
  "y_query": 0.011942958831787115,
  "grid_res": 0.2,
  "shape": [
    103,
    70
  ]
}