{
  "world_lower": [
    -8.733734130859375,
    -2.842632532119751,
    -12.653351783752441
  ],
  "world_upper": [
    7.728026866912842,
    8.777076721191406,
    4.4657301902771
  ],
  "y_query": -2.742632532119751,
  "grid_res": 0.2,
  "shape": [
    86,
    83
  ]
}