{
  "world_lower": [
    -1.0794529914855957,
    -0.0496826171875,
    -2.9660205841064453
  ],
  "world_upper": [
    11.19384765625,
    4.009206295013428,
    3.3737435340881348
  ],
  "y_query": 0.050317382812500006,
  "grid_res": 0.2,
  "shape": [
    32,
    62
  ]
}