{
  "world_lower": [
    -10.295196533203125,
    -0.02752542495727539,
    -10.382810592651367
  ],
  "world_upper": [
    1.3034160137176514,
    6.676350116729736,
    3.9113967418670654
  ],
  "y_query": 0.07247457504272461,
  "grid_res": 0.2,
  "shape": [
    72,
    58
  ]
}