{
  "world_lower": [
    -11.490753173828125,
    -3.396151542663574,
    -11.848662376403809
  ],
  "world_upper": [
    7.656195163726807,
    5.6330180168151855,
    13.276623725891113
  ],
  "y_query": -3.296151542663574,
  "grid_res": 0.2,
  "shape": [
    126,
    96
  ]
}