{
  "world_lower": [
    -18.06884765625,
    -0.2484447956085205,
    -4.853516101837158
  ],
  "world_upper": [
    1.6392149925231934,
    4.465219974517822,
    4.10986328125
  ],
  "y_query": -0.1484447956085205,
  "grid_res": 0.2,
  "shape": [
    45,
    99
  ]
}