{
  "world_lower": [
    -1.401149034500122,
    -0.017089996486902237,
    -3.051856279373169
  ],
  "world_upper": [
    6.71173095703125,
    7.245388507843018,
    2.5762228965759277
  ],
  "y_query": 0.08291000351309777,
  "grid_res": 0.2,
  "shape": [
    29,
    41
  ]
}