{
  "world_lower": [
    -11.513275146484375,
    -2.6603081226348877,
    -9.85745620727539
  ],
  "world_upper": [
    1.321653962135315,
    4.8417277336120605,
    9.85986328125
  ],
  "y_query": -2.5603081226348876,
  "grid_res": 0.2,
  "shape": [
    99,
    65
  ]
}