{
  "world_lower": [
    -9.073211669921875,
    -1.393096685409546,
    -3.318859815597534
  ],
  "world_upper": [
    1.960632085800171,
    6.031200885772705,
    12.156758308410645
  ],
  "y_query": -1.2930966854095458,
  "grid_res": 0.2,
  "shape": [
    78,
    56
  ]
}