{
  "world_lower": [
    -2.886776924133301,
    -0.033713579177856445,
    -2.4672014713287354
  ],
  "world_upper": [
    4.212523937225342,
    4.38187313079834,
    0.6069345474243164
  ],
  "y_query": 0.06628642082214356,
  "grid_res": 0.2,
  "shape": [
    16,
    36
  ]
}