{
  "world_lower": [
    -1.7154459953308105,
    -0.215363010764122,
    -1.2638225555419922
  ],
  "world_upper": [
    3.3713719844818115,
    4.237462997436523,
    7.400129795074463
  ],
  "y_query": -0.115363010764122,
  "grid_res": 0.2,
  "shape": [
    44,
    26
  ]
}