{
  "world_lower": [
    -1.5641779899597168,
    -0.080810546875,
    -11.665454864501953
  ],
  "world_upper": [
    7.276610851287842,
    4.512738227844238,
    3.5109026432037354
  ],
  "y_query": 0.019189453125000006,
  "grid_res": 0.2,
  "shape": [
    76,
    45
  ]
}