{
  "world_lower": [
    -2.2205810546875,
    -0.2613544464111328,
    -0.9275205731391907
  ],
  "world_upper": [
    16.04669189453125,
    5.621969699859619,
    20.652311325073242
  ],
  "y_query": -0.1613544464111328,
  "grid_res": 0.2,
  "shape": [
    108,
    92
  ]
}