{
  "world_lower": [
    -3.6541171073913574,
    -3.130431890487671,
    -14.431055068969727
  ],
  "world_upper": [
    5.279265880584717,
    4.738081932067871,
    2.2757890224456787
  ],
  "y_query": -3.030431890487671,
  "grid_res": 0.2,
  "shape": [
    84,
    45
  ]
}