{
  "world_lower": [
    -3.330353021621704,
    -4.069764614105225,
    -6.985229015350342
  ],
  "world_upper": [
    19.996917724609375,
    6.314416885375977,
    6.1177659034729
  ],
  "y_query": -3.9697646141052245,
  "grid_res": 0.2,
  "shape": [
    66,
    117
  ]
}