{
  "world_lower": [
    -11.648903846740723,
    -4.479397773742676,
    -17.178144454956055
  ],
  "world_upper": [
    34.479736328125,
    7.685343265533447,
    12.409079551696777
  ],
  "y_query": -4.379397773742676,
  "grid_res": 0.2,
  "shape": [
    148,
    231
  ]
}