{
  "world_lower": [
    -2.715376853942871,
    -3.5592870712280273,
    -11.928646087646484
  ],
  "world_upper": [
    2.2210490703582764,
    6.22606897354126,
    1.510024070739746
  ],
  "y_query": -3.4592870712280273,
  "grid_res": 0.2,
  "shape": [
    68,
    25
  ]
}