{
  "world_lower": [
    -12.386265754699707,
    -3.5920779705047607,
    -13.870208740234375
  ],
  "world_upper": [
    15.284747123718262,
    9.332716941833496,
    21.13443374633789
  ],
  "y_query": -3.4920779705047607,
  "grid_res": 0.2,
  "shape": [
    176,
    139
  ]
}