{
  "world_lower": [
    -6.33861780166626,
    -3.062140703201294,
    -14.3173828125
  ],
  "world_upper": [
    1.9553260803222656,
    9.10793685913086,
    3.2988598346710205
  ],
  "y_query": -2.962140703201294,
  "grid_res": 0.2,
  "shape": [
    89,
    42
  ]
}