{
  "world_lower": [
    -9.784137725830078,
    -0.17383480072021484,
    -2.7043638229370117
  ],
  "world_upper": [
    2.003632068634033,
    4.141747951507568,
    4.456230163574219
  ],
  "y_query": -0.07383480072021484,
  "grid_res": 0.2,
  "shape": [
    36,
    59
  ]
}