{
  "world_lower": [
    -11.453521728515625,
    -0.029991090297698975,
    -5.802489757537842
  ],
  "world_upper": [
    1.4341520071029663,
    4.025032997131348,
    1.4381102323532104
  ],
  "y_query": 0.07000890970230103,
  "grid_res": 0.2,
  "shape": [
    37,
    65
  ]
}