{
  "world_lower": [
    -9.57489013671875,
    -2.7448339462280273,
    -9.50294017791748
  ],
  "world_upper": [
    2.6361780166625977,
    8.982982635498047,
    6.749114990234375
  ],
  "y_query": -2.6448339462280273,
  "grid_res": 0.2,
  "shape": [
    82,
    62
  ]
}