{
  "world_lower": [
    -21.677579879760742,
    -6.755619049072266,
    -11.671199798583984
  ],
  "world_upper": [
    20.789960861206055,
    7.987000942230225,
    19.668161392211914
  ],
  "y_query": -6.655619049072266,
  "grid_res": 0.2,
  "shape": [
    157,
    213
  ]
}