{
  "world_lower": [
    -9.061029434204102,
    -2.4569404125213623,
    -7.144598007202148
  ],
  "world_upper": [
    0.9904170036315918,
    6.614381313323975,
    1.4011741876602173
  ],
  "y_query": -2.356940412521362,
  "grid_res": 0.2,
  "shape": [
    43,
    51
  ]
}