{
  "world_lower": [
    -8.510361671447754,
    -0.026865124702453613,
    -1.0800164937973022
  ],
  "world_upper": [
    1.1060210466384888,
    3.9564366340637207,
    4.086365699768066
  ],
  "y_query": 0.07313487529754639,
  "grid_res": 0.2,
  "shape": [
    26,
    49
  ]
}