{
  "world_lower": [
    -11.946371078491211,
    -0.09666699916124344,
    -1.6431450843811035
  ],
  "world_upper": [
    9.724381446838379,
    7.942084789276123,
    7.9353179931640625
  ],
  "y_query": 0.003333000838756567,
  "grid_res": 0.2,
  "shape": [
    48,
    109
  ]
}