{
  "world_lower": [
    -7.629700183868408,
    -0.5940101146697998,
    -25.368927001953125
  ],
  "world_upper": [
    6.074248790740967,
    8.312067031860352,
    1.530895709991455
  ],
  "y_query": -0.4940101146697998,
  "grid_res": 0.2,
  "shape": [
    135,
    69
  ]
}