{
  "world_lower": [
    -6.000026226043701,
    -2.8241140842437744,
    -10.520782470703125
  ],
  "world_upper": [
    11.892578125,
    8.544713020324707,
    4.3248291015625
  ],
  "y_query": -2.7241140842437743,
  "grid_res": 0.2,
  "shape": [
    75,
    90
  ]
}