{
  "world_lower": [
    -10.02423095703125,
    -0.5786275863647461,
    -1.8374018669128418
  ],
  "world_upper": [
    4.558533191680908,
    6.943784236907959,
    11.68212890625
  ],
  "y_query": -0.4786275863647461,
  "grid_res": 0.2,
  "shape": [
    68,
    73
  ]
}