{
  "world_lower": [
    -5.96051025390625,
    -0.0515131950378418,
    -5.917235851287842
  ],
  "world_upper": [
    1.231266975402832,
    4.150576591491699,
    7.86762809753418
  ],
  "y_query": 0.04848680496215821,
  "grid_res": 0.2,
  "shape": [
    69,
    36
  ]
}