{
  "world_lower": [
    -6.914885997772217,
    -0.0355222225189209,
    -5.051595211029053
  ],
  "world_upper": [
    11.734100341796875,
    6.296084880828857,
    4.521667957305908
  ],
  "y_query": 0.06447777748107911,
  "grid_res": 0.2,
  "shape": [
    48,
    94
  ]
}