{
  "world_lower": [
    -8.315067291259766,
    -0.03171539306640625,
    -10.978849411010742
  ],
  "world_upper": [
    16.83123779296875,
    7.910301685333252,
    1.6249430179595947
  ],
  "y_query": 0.06828460693359376,
  "grid_res": 0.2,
  "shape": [
    64,
    126
  ]
}