{
  "world_lower": [
    -2.897887945175171,
    -0.09068834781646729,
    -1.0307615995407104
  ],
  "world_upper": [
    4.404296875,
    5.134803771972656,
    9.125946044921875
  ],
  "y_query": 0.00931165218353272,
  "grid_res": 0.2,
  "shape": [
    51,
    37
  ]
}