{
  "world_lower": [
    -6.755847930908203,
    -0.033333998173475266,
    -3.5270979404449463
  ],
  "world_upper": [
    0.501492977142334,
    5.480781078338623,
    3.7295398712158203
  ],
  "y_query": 0.06666600182652474,
  "grid_res": 0.2,
  "shape": [
    37,
    37
  ]
}