{
  "world_lower": [
    -2.2462899684906006,
    -0.024028539657592773,
    -4.132619857788086
  ],
  "world_upper": [
    5.525513172149658,
    3.9308767318725586,
    1.6699821949005127
  ],
  "y_query": 0.07597146034240723,
  "grid_res": 0.2,
  "shape": [
    30,
    39
  ]
}