{
  "world_lower": [
    -7.014373779296875,
    -2.570800542831421,
    -5.5602707862854
  ],
  "world_upper": [
    4.94163179397583,
    8.846308708190918,
    2.862549304962158
  ],
  "y_query": -2.470800542831421,
  "grid_res": 0.2,
  "shape": [
    43,
    60
  ]
}