{
  "world_lower": [
    -15.1329345703125,
    -2.8889148235321045,
    -4.489898681640625
  ],
  "world_upper": [
    4.617371082305908,
    8.19924545288086,
    1.4505629539489746
  ],
  "y_query": -2.7889148235321044,
  "grid_res": 0.2,
  "shape": [
    30,
    99
  ]
}