{
  "world_lower": [
    -13.08978271484375,
    -0.5032329559326172,
    -8.9296875
  ],
  "world_upper": [
    1.757802963256836,
    6.038808345794678,
    1.9875788688659668
  ],
  "y_query": -0.4032329559326172,
  "grid_res": 0.2,
  "shape": [
    55,
    75
  ]
}