{
  "world_lower": [
    -9.431544303894043,
    -3.0915818214416504,
    -10.35235595703125
  ],
  "world_upper": [
    1.020359992980957,
    4.091420650482178,
    7.9530029296875
  ],
  "y_query": -2.9915818214416503,
  "grid_res": 0.2,
  "shape": [
    92,
    53
  ]
}