{
  "world_lower": [
    -7.527527809143066,
    -2.345001220703125,
    -2.241129159927368
  ],
  "world_upper": [
    1.5451970100402832,
    6.658304214477539,
    9.159263610839844
  ],
  "y_query": -2.245001220703125,
  "grid_res": 0.2,
  "shape": [
    58,
    46
  ]
}