{
  "world_lower": [
    -2.2793679237365723,
    -2.4958267211914062,
    -4.662933349609375
  ],
  "world_upper": [
    12.031402587890625,
    6.8719282150268555,
    11.974944114685059
  ],
  "y_query": -2.395826721191406,
  "grid_res": 0.2,
  "shape": [
    84,
    72
  ]
}