{
  "world_lower": [
    -13.77313232421875,
    -0.21942758560180664,
    -41.231689453125
  ],
  "world_upper": [
    9.525349617004395,
    8.185020446777344,
    2.6853647232055664
  ],
  "y_query": -0.11942758560180664,
  "grid_res": 0.2,
  "shape": [
    220,
    117
  ]
}