{
  "world_lower": [
    -11.389892578125,
    -0.03942912817001343,
    -35.6094970703125
  ],
  "world_upper": [
    14.9307861328125,
    5.875940799713135,
    13.706377029418945
  ],
  "y_query": 0.06057087182998658,
  "grid_res": 0.2,
  "shape": [
    247,
    132
  ]
}