{
  "world_lower": [
    -17.106414794921875,
    -2.6260578632354736,
    -9.667618751525879
  ],
  "world_upper": [
    4.167266845703125,
    5.0203776359558105,
    2.478996753692627
  ],
  "y_query": -2.5260578632354735,
  "grid_res": 0.2,
  "shape": [
    61,
    107
  ]
}