{
  "world_lower": [
    -5.53265380859375,
    -2.702646493911743,
    -10.98681640625
  ],
  "world_upper": [
    1.391968011856079,
    8.212973594665527,
    5.292914867401123
  ],
  "y_query": -2.602646493911743,
  "grid_res": 0.2,
  "shape": [
    82,
    35
  ]
}