{
  "world_lower": [
    -7.300500869750977,
    -0.011430501937866211,
    -6.880858421325684
  ],
  "world_upper": [
    0.9851509928703308,
    4.075423240661621,
    0.9580380916595459
  ],
  "y_query": 0.0885694980621338,
  "grid_res": 0.2,
  "shape": [
    40,
    42
  ]
}