{
  "world_lower": [
    -15.460180282592773,
    -2.787047863006592,
    -13.472259521484375
  ],
  "world_upper": [
    2.185333013534546,
    5.471642971038818,
    6.717742919921875
  ],
  "y_query": -2.6870478630065917,
  "grid_res": 0.2,
  "shape": [
    101,
    89
  ]
}