{
  "world_lower": [
    -9.220520973205566,
    -0.028794527053833008,
    -3.3470141887664795
  ],
  "world_upper": [
    0.9732769727706909,
    4.389932155609131,
    9.16337776184082
  ],
  "y_query": 0.071205472946167,
  "grid_res": 0.2,
  "shape": [
    63,
    51
  ]
}