{
  "world_lower": [
    -8.196931838989258,
    -0.03488266468048096,
    -2.4207684993743896
  ],
  "world_upper": [
    4.077009201049805,
    7.127737522125244,
    1.9596469402313232
  ],
  "y_query": 0.06511733531951905,
  "grid_res": 0.2,
  "shape": [
    22,
    62
  ]
}