{
  "world_lower": [
    -8.257657051086426,
    -2.9111618995666504,
    -9.597746849060059
  ],
  "world_upper": [
    9.317138671875,
    7.924261093139648,
    5.1534423828125
  ],
  "y_query": -2.8111618995666503,
  "grid_res": 0.2,
  "shape": [
    74,
    88
  ]
}