{
  "world_lower": [
    -1.3558109998703003,
    -3.1700363159179688,
    -5.164431571960449
  ],
  "world_upper": [
    11.764124870300293,
    7.4915452003479,
    0.8054237365722656
  ],
  "y_query": -3.0700363159179687,
  "grid_res": 0.2,
  "shape": [
    30,
    66
  ]
}