{
  "world_lower": [
    -4.042479991912842,
    -0.10183686017990112,
    -2.792968511581421
  ],
  "world_upper": [
    8.38702392578125,
    6.495904922485352,
    7.958475589752197
  ],
  "y_query": -0.0018368601799011175,
  "grid_res": 0.2,
  "shape": [
    54,
    63
  ]
}