{
  "world_lower": [
    -0.7399290204048157,
    -0.016396939754486084,
    -6.919041633605957
  ],
  "world_upper": [
    7.5487189292907715,
    4.058682918548584,
    0.978424072265625
  ],
  "y_query": 0.08360306024551392,
  "grid_res": 0.2,
  "shape": [
    40,
    42
  ]
}