{
  "world_lower": [
    -1.0912100076675415,
    -0.3901750147342682,
    -1.209852933883667
  ],
  "world_upper": [
    4.727181911468506,
    4.357048034667969,
    8.214656829833984
  ],
  "y_query": -0.2901750147342682,
  "grid_res": 0.2,
  "shape": [
    48,
    30
  ]
}