{
  "world_lower": [
    -9.665522575378418,
    -0.35120606422424316,
    -3.7064480781555176
  ],
  "world_upper": [
    0.8276619911193848,
    4.39028263092041,
    3.48638916015625
  ],
  "y_query": -0.2512060642242432,
  "grid_res": 0.2,
  "shape": [
    36,
    53
  ]
}