{
  "world_lower": [
    -6.459290027618408,
    -3.0541675090789795,
    -8.9673490524292
  ],
  "world_upper": [
    4.4788818359375,
    8.527710914611816,
    1.3627926111221313
  ],
  "y_query": -2.9541675090789794,
  "grid_res": 0.2,
  "shape": [
    52,
    55
  ]
}