{
  "world_lower": [
    -12.615005493164062,
    -0.1064160019159317,
    -7.462086200714111
  ],
  "world_upper": [
    11.60601806640625,
    4.457275867462158,
    10.797439575195312
  ],
  "y_query": -0.006416001915931696,
  "grid_res": 0.2,
  "shape": [
    92,
    122
  ]
}