{
  "world_lower": [
    -5.198254108428955,
    -1.6810979843139648,
    -2.19822096824646
  ],
  "world_upper": [
    15.989233016967773,
    7.687075138092041,
    8.245508193969727
  ],
  "y_query": -1.5810979843139648,
  "grid_res": 0.2,
  "shape": [
    53,
    106
  ]
}