{
  "world_lower": [
    -13.850902557373047,
    -0.12515300512313843,
    -5.115222930908203
  ],
  "world_upper": [
    2.33381986618042,
    7.95329475402832,
    12.618172645568848
  ],
  "y_query": -0.025153005123138422,
  "grid_res": 0.2,
  "shape": [
    89,
    81
  ]
}