{
  "world_lower": [
    -5.134337902069092,
    -0.07932907342910767,
    -14.551483154296875
  ],
  "world_upper": [
    7.035186767578125,
    7.079915523529053,
    5.512543678283691
  ],
  "y_query": 0.02067092657089234,
  "grid_res": 0.2,
  "shape": [
    101,
    61
  ]
}