{
  "world_lower": [
    -12.484161376953125,
    -2.943265914916992,
    -14.606627464294434
  ],
  "world_upper": [
    4.011606216430664,
    5.650628566741943,
    2.459686279296875
  ],
  "y_query": -2.843265914916992,
  "grid_res": 0.2,
  "shape": [
    86,
    83
  ]
}