{
  "world_lower": [
    -11.680752754211426,
    -2.4961891174316406,
    -4.4437103271484375
  ],
  "world_upper": [
    3.525024890899658,
    7.354920864105225,
    6.64105224609375
  ],
  "y_query": -2.3961891174316405,
  "grid_res": 0.2,
  "shape": [
    56,
    77
  ]
}