{
  "reset_mean_spl": 0.8293573260307312,
  "persistent_mean_spl": 0.7683839201927185,
  "reset_mean_success": 0.98,
  "persistent_mean_success": 0.98
}