{
  "blind": {
    "pos_x_bin": {
      "ccgp_d1": 0.2530142133658772,
      "wcv_d1": 0.7086706091573525,
      "ai_d1": 0.3570265368655894,
      "ccgp_d2": 0.26940482889379014,
      "wcv_d2": 0.7397979485150233,
      "ai_d2": 0.36416001076315396
    },
    "heading_oct": {
      "ccgp_d1": 0.12380916300307107,
      "wcv_d1": 0.41765568514081497,
      "ai_d1": 0.29643835199161267,
      "ccgp_d2": 0.1289530644666485,
      "wcv_d2": 0.45879279918295823,
      "ai_d2": 0.28107037576939903
    },
    "dist_bin": {
      "ccgp_d1": 0.8699471977214794,
      "wcv_d1": 0.9440261607596995,
      "ai_d1": 0.9215286968545391,
      "ccgp_d2": NaN,
      "wcv_d2": NaN,
      "ai_d2": NaN
    },
    "goal_quadrant": {
      "ccgp_d1": 0.4190580546804059,
      "wcv_d1": 0.6394538593486181,
      "ai_d1": 0.6553374392130198,
      "ccgp_d2": 0.34179695467212345,
      "wcv_d2": 0.6568963344993902,
      "ai_d2": 0.5203209954468709
    }
  },
  "coarse": {
    "pos_x_bin": {
      "ccgp_d1": 0.29021039394573384,
      "wcv_d1": 0.622784535207132,
      "ai_d1": 0.4659884398850924,
      "ccgp_d2": 0.24503187101612298,
      "wcv_d2": 0.6387369915185755,
      "ai_d2": 0.38361935236217964
    },
    "heading_oct": {
      "ccgp_d1": 0.13240714366112538,
      "wcv_d1": 0.3748579644866592,
      "ai_d1": 0.3532195023318962,
      "ccgp_d2": 0.1456692913385827,
      "wcv_d2": 0.4013909676694001,
      "ai_d2": 0.36291123386354107
    },
    "dist_bin": {
      "ccgp_d1": 0.8909759119869614,
      "wcv_d1": 0.955539673840879,
      "ai_d1": 0.9324321494738176,
      "ccgp_d2": NaN,
      "wcv_d2": NaN,
      "ai_d2": NaN
    },
    "goal_quadrant": {
      "ccgp_d1": 0.39471371585039006,
      "wcv_d1": 0.577105053835125,
      "ai_d1": 0.6839547032682148,
      "ccgp_d2": 0.28946381702287216,
      "wcv_d2": 0.5926070367013091,
      "ai_d2": 0.4884582853321234
    }
  },
  "foveated": {
    "pos_x_bin": {
      "ccgp_d1": 0.26056708179489274,
      "wcv_d1": 0.6210040303579911,
      "ai_d1": 0.419590001122349,
      "ccgp_d2": 0.27652793400824893,
      "wcv_d2": 0.6516797717674669,
      "ai_d2": 0.42433100732627915
    },
    "heading_oct": {
      "ccgp_d1": 0.13234896400924615,
      "wcv_d1": 0.41345012533683556,
      "ai_d1": 0.3201086561563433,
      "ccgp_d2": 0.11754780652418448,
      "wcv_d2": 0.47244450534392984,
      "ai_d2": 0.24880764871762473
    },
    "dist_bin": {
      "ccgp_d1": 0.8281893627094137,
      "wcv_d1": 0.9561710274858489,
      "ai_d1": 0.8661519110101573,
      "ccgp_d2": NaN,
      "wcv_d2": NaN,
      "ai_d2": NaN
    },
    "goal_quadrant": {
      "ccgp_d1": 0.3692940304952205,
      "wcv_d1": 0.6260671805798288,
      "ai_d1": 0.5898632638005411,
      "ccgp_d2": 0.36220472440944884,
      "wcv_d2": 0.654860481621238,
      "ai_d2": 0.553102125681395
    }
  },
  "foveated_logpolar": {
    "pos_x_bin": {
      "ccgp_d1": 0.22825192327073604,
      "wcv_d1": 0.6315849521969676,
      "ai_d1": 0.36139544249235506,
      "ccgp_d2": 0.275470998871488,
      "wcv_d2": 0.6913267421351827,
      "ai_d2": 0.39846715320267784
    },
    "heading_oct": {
      "ccgp_d1": 0.12513730376632248,
      "wcv_d1": 0.45622167515093304,
      "ai_d1": 0.27429057097062076,
      "ccgp_d2": 0.1251863000077407,
      "wcv_d2": 0.49626592462985997,
      "ai_d2": 0.2522564895043135
    },
    "dist_bin": {
      "ccgp_d1": 0.8896273685217818,
      "wcv_d1": 0.965633609281301,
      "ai_d1": 0.9212887372301707,
      "ccgp_d2": NaN,
      "wcv_d2": NaN,
      "ai_d2": NaN
    },
    "goal_quadrant": {
      "ccgp_d1": 0.3727237351510876,
      "wcv_d1": 0.6268595673287903,
      "ai_d1": 0.5945888913195649,
      "ccgp_d2": 0.3073472129209776,
      "wcv_d2": 0.6495674965392696,
      "ai_d2": 0.4731566997401277
    }
  },
  "uniform": {
    "pos_x_bin": {
      "ccgp_d1": 0.26857650479654016,
      "wcv_d1": 0.6293728547129784,
      "ai_d1": 0.4267367154228836,
      "ccgp_d2": 0.24214688736908757,
      "wcv_d2": 0.6538388444704291,
      "ai_d2": 0.3703464384487775
    },
    "heading_oct": {
      "ccgp_d1": 0.13262672871591352,
      "wcv_d1": 0.4542469988583872,
      "ai_d1": 0.2919705117463204,
      "ccgp_d2": 0.10765199765864528,
      "wcv_d2": 0.4720553727430623,
      "ai_d2": 0.22804951256690767
    },
    "dist_bin": {
      "ccgp_d1": 0.9178143655474613,
      "wcv_d1": 0.9645970047278905,
      "ai_d1": 0.9515003271302648,
      "ccgp_d2": NaN,
      "wcv_d2": NaN,
      "ai_d2": NaN
    },
    "goal_quadrant": {
      "ccgp_d1": 0.3763425500361095,
      "wcv_d1": 0.6315204115271587,
      "ai_d1": 0.5959309361450859,
      "ccgp_d2": 0.3471194373785531,
      "wcv_d2": 0.6490360480536408,
      "ai_d2": 0.5348230478407338
    }
  }
}