{
  "blind": {
    "x": {
      "1e-04": {
        "fisher_mean": 0.05248855974355143,
        "fisher_std": 0.015619614124836098,
        "signal_norm": 0.6593769206813423,
        "noise_eig_max": 61.280490066787934,
        "n_bootstrap": 6
      },
      "1e-03": {
        "fisher_mean": 0.05232549474947462,
        "fisher_std": 0.01557759627599041,
        "signal_norm": 0.6593769206813423,
        "noise_eig_max": 61.280490066787934,
        "n_bootstrap": 6
      },
      "1e-02": {
        "fisher_mean": 0.05079036204896719,
        "fisher_std": 0.015179084638885863,
        "signal_norm": 0.6593769206813423,
        "noise_eig_max": 61.280490066787934,
        "n_bootstrap": 6
      }
    },
    "x_median": 0.05232549474947462,
    "z": {
      "1e-04": {
        "fisher_mean": 0.03338011223973516,
        "fisher_std": 0.014388940124677682,
        "signal_norm": 0.5080358298157882,
        "noise_eig_max": 61.21591038452283,
        "n_bootstrap": 6
      },
      "1e-03": {
        "fisher_mean": 0.033273899374629594,
        "fisher_std": 0.014338368217125695,
        "signal_norm": 0.5080358298157882,
        "noise_eig_max": 61.21591038452283,
        "n_bootstrap": 6
      },
      "1e-02": {
        "fisher_mean": 0.03227593566173865,
        "fisher_std": 0.013867197574978065,
        "signal_norm": 0.5080358298157882,
        "noise_eig_max": 61.21591038452283,
        "n_bootstrap": 6
      }
    },
    "z_median": 0.033273899374629594,
    "total_median": 0.08559939412410422
  },
  "coarse": {
    "x": {
      "1e-04": {
        "fisher_mean": 0.02597293052652654,
        "fisher_std": 0.005622658426799606,
        "signal_norm": 0.5925513054169599,
        "noise_eig_max": 51.219567435029006,
        "n_bootstrap": 6
      },
      "1e-03": {
        "fisher_mean": 0.025923404061938993,
        "fisher_std": 0.005615268202673337,
        "signal_norm": 0.5925513054169599,
        "noise_eig_max": 51.219567435029006,
        "n_bootstrap": 6
      },
      "1e-02": {
        "fisher_mean": 0.02544756542615391,
        "fisher_std": 0.005542283109046755,
        "signal_norm": 0.5925513054169599,
        "noise_eig_max": 51.219567435029006,
        "n_bootstrap": 6
      }
    },
    "x_median": 0.025923404061938993,
    "z": {
      "1e-04": {
        "fisher_mean": 0.031766799226627965,
        "fisher_std": 0.008272173019750006,
        "signal_norm": 0.5264568531405599,
        "noise_eig_max": 50.28067424974996,
        "n_bootstrap": 6
      },
      "1e-03": {
        "fisher_mean": 0.03170285542974254,
        "fisher_std": 0.008257665457242387,
        "signal_norm": 0.5264568531405599,
        "noise_eig_max": 50.28067424974996,
        "n_bootstrap": 6
      },
      "1e-02": {
        "fisher_mean": 0.03108734255731106,
        "fisher_std": 0.008116118940375719,
        "signal_norm": 0.5264568531405599,
        "noise_eig_max": 50.28067424974996,
        "n_bootstrap": 6
      }
    },
    "z_median": 0.03170285542974254,
    "total_median": 0.057626259491681535
  },
  "foveated": {
    "x": {
      "1e-04": {
        "fisher_mean": 0.07632627500794276,
        "fisher_std": 0.03858931287181732,
        "signal_norm": 1.387824127442931,
        "noise_eig_max": 61.41642916693191,
        "n_bootstrap": 6
      },
      "1e-03": {
        "fisher_mean": 0.07614077263110529,
        "fisher_std": 0.038502462851790986,
        "signal_norm": 1.387824127442931,
        "noise_eig_max": 61.41642916693191,
        "n_bootstrap": 6
      },
      "1e-02": {
        "fisher_mean": 0.07438051828573321,
        "fisher_std": 0.0376642899398176,
        "signal_norm": 1.387824127442931,
        "noise_eig_max": 61.41642916693191,
        "n_bootstrap": 6
      }
    },
    "x_median": 0.07614077263110529,
    "z": {
      "1e-04": {
        "fisher_mean": 0.08332669256530943,
        "fisher_std": 0.05734054957562275,
        "signal_norm": 1.3956128826190068,
        "noise_eig_max": 59.12010162445922,
        "n_bootstrap": 6
      },
      "1e-03": {
        "fisher_mean": 0.08321065543945919,
        "fisher_std": 0.05727663304480293,
        "signal_norm": 1.3956128826190068,
        "noise_eig_max": 59.12010162445922,
        "n_bootstrap": 6
      },
      "1e-02": {
        "fisher_mean": 0.08209857447757575,
        "fisher_std": 0.056657323943226125,
        "signal_norm": 1.3956128826190068,
        "noise_eig_max": 59.12010162445922,
        "n_bootstrap": 6
      }
    },
    "z_median": 0.08321065543945919,
    "total_median": 0.15935142807056446
  },
  "foveated_logpolar": {
    "x": {
      "1e-04": {
        "fisher_mean": 0.18656793635470595,
        "fisher_std": 0.06734091357470731,
        "signal_norm": 1.7714313225477858,
        "noise_eig_max": 49.63667070769265,
        "n_bootstrap": 6
      },
      "1e-03": {
        "fisher_mean": 0.186230708431223,
        "fisher_std": 0.06730035390450416,
        "signal_norm": 1.7714313225477858,
        "noise_eig_max": 49.63667070769265,
        "n_bootstrap": 6
      },
      "1e-02": {
        "fisher_mean": 0.18305820717590637,
        "fisher_std": 0.06686901922311682,
        "signal_norm": 1.7714313225477858,
        "noise_eig_max": 49.63667070769265,
        "n_bootstrap": 6
      }
    },
    "x_median": 0.186230708431223,
    "z": {
      "1e-04": {
        "fisher_mean": 0.12273107218556717,
        "fisher_std": 0.04922988717345349,
        "signal_norm": 1.2114981770552227,
        "noise_eig_max": 48.90199929322119,
        "n_bootstrap": 6
      },
      "1e-03": {
        "fisher_mean": 0.12247563108400329,
        "fisher_std": 0.049092967281643224,
        "signal_norm": 1.2114981770552227,
        "noise_eig_max": 48.90199929322119,
        "n_bootstrap": 6
      },
      "1e-02": {
        "fisher_mean": 0.12005631214179731,
        "fisher_std": 0.04777094441589777,
        "signal_norm": 1.2114981770552227,
        "noise_eig_max": 48.90199929322119,
        "n_bootstrap": 6
      }
    },
    "z_median": 0.12247563108400329,
    "total_median": 0.3087063395152263
  },
  "uniform": {
    "x": {
      "1e-04": {
        "fisher_mean": 0.1616753481167942,
        "fisher_std": 0.109336325838954,
        "signal_norm": 2.0180441477207034,
        "noise_eig_max": 52.86637395751719,
        "n_bootstrap": 6
      },
      "1e-03": {
        "fisher_mean": 0.1613850523236539,
        "fisher_std": 0.10918814268867365,
        "signal_norm": 2.0180441477207034,
        "noise_eig_max": 52.86637395751719,
        "n_bootstrap": 6
      },
      "1e-02": {
        "fisher_mean": 0.15870557120621423,
        "fisher_std": 0.10779311785147655,
        "signal_norm": 2.0180441477207034,
        "noise_eig_max": 52.86637395751719,
        "n_bootstrap": 6
      }
    },
    "x_median": 0.1613850523236539,
    "z": {
      "1e-04": {
        "fisher_mean": 0.4912256806024338,
        "fisher_std": 0.34920025095804613,
        "signal_norm": 6.280805719725834,
        "noise_eig_max": 50.86641509740206,
        "n_bootstrap": 6
      },
      "1e-03": {
        "fisher_mean": 0.4907848865816677,
        "fisher_std": 0.3488840450635592,
        "signal_norm": 6.280805719725834,
        "noise_eig_max": 50.86641509740206,
        "n_bootstrap": 6
      },
      "1e-02": {
        "fisher_mean": 0.48655039519350307,
        "fisher_std": 0.34583258786080484,
        "signal_norm": 6.280805719725834,
        "noise_eig_max": 50.86641509740206,
        "n_bootstrap": 6
      }
    },
    "z_median": 0.4907848865816677,
    "total_median": 0.6521699389053216
  }
}