{
  "blind": {
    "n_train": 12546,
    "n_eval": 3552,
    "n_pcs": 30,
    "forward_R2": 0.9359111785888672,
    "mean_residual_norm": 3.821920394897461,
    "p10": 2.005549597740173,
    "p50": 3.5481563806533813,
    "p90": 6.001237297058106,
    "cov_top1_eig": 10.423978952240216,
    "cov_total_var": 17.12915755485551,
    "rank_90_pct": 12
  },
  "coarse": {
    "n_train": 38428,
    "n_eval": 10607,
    "n_pcs": 30,
    "forward_R2": 0.9183475375175476,
    "mean_residual_norm": 4.179763317108154,
    "p10": 2.3166302680969237,
    "p50": 3.8298208713531494,
    "p90": 6.538819599151611,
    "cov_top1_eig": 4.963925165342735,
    "cov_total_var": 20.093237956027508,
    "rank_90_pct": 14
  },
  "foveated": {
    "n_train": 43192,
    "n_eval": 12394,
    "n_pcs": 30,
    "forward_R2": 0.9042485356330872,
    "mean_residual_norm": 3.907442092895508,
    "p10": 1.888925552368164,
    "p50": 3.4470146894454956,
    "p90": 6.766753435134889,
    "cov_top1_eig": 5.041758290399702,
    "cov_total_var": 18.1409007027872,
    "rank_90_pct": 14
  },
  "foveated_logpolar": {
    "n_train": 39388,
    "n_eval": 9571,
    "n_pcs": 30,
    "forward_R2": 0.9151334166526794,
    "mean_residual_norm": 3.9891607761383057,
    "p10": 1.9486137628555298,
    "p50": 3.755915641784668,
    "p90": 6.332043170928955,
    "cov_top1_eig": 4.455536289230931,
    "cov_total_var": 18.75372437164197,
    "rank_90_pct": 14
  },
  "uniform": {
    "n_train": 49548,
    "n_eval": 9809,
    "n_pcs": 30,
    "forward_R2": 0.9357942342758179,
    "mean_residual_norm": 3.042091131210327,
    "p10": 1.6154016494750978,
    "p50": 2.770859718322754,
    "p90": 4.8051728248596195,
    "cov_top1_eig": 2.589908239811865,
    "cov_total_var": 10.891854438302245,
    "rank_90_pct": 15
  }
}