{
  "blind": {
    "median": 0.05186094343662262,
    "p25": 0.017404424026608467,
    "p75": 0.10881214588880539,
    "p95": 0.2840779423713684,
    "mean": 0.08607901632785797,
    "n_pairs": 200000
  },
  "coarse": {
    "median": 0.07937140017747879,
    "p25": 0.03620671108365059,
    "p75": 0.15741612017154694,
    "p95": 0.4079298973083496,
    "mean": 0.12977632880210876,
    "n_pairs": 200000
  },
  "foveated": {
    "median": 0.05583823099732399,
    "p25": 0.0262393057346344,
    "p75": 0.1112021878361702,
    "p95": 0.2837280333042145,
    "mean": 0.09149107336997986,
    "n_pairs": 200000
  },
  "foveated_logpolar": {
    "median": 0.05808606743812561,
    "p25": 0.02404220961034298,
    "p75": 0.11819624900817871,
    "p95": 0.29515716433525085,
    "mean": 0.0939769521355629,
    "n_pairs": 200000
  },
  "uniform": {
    "median": 0.04551548510789871,
    "p25": 0.018364304676651955,
    "p75": 0.0993276983499527,
    "p95": 0.2690947353839874,
    "mean": 0.08137937635183334,
    "n_pairs": 200000
  }
}