{
  "blind": {
    "input_dim": 1030,
    "n_train": 80000,
    "n_eval": 20000,
    "alpha_1e-01": {
      "eval_r2_x": 0.014553725719451904,
      "eval_r2_y": 0.008229851722717285,
      "eval_r2_mean": 0.011391788721084595,
      "train_r2_x": 0.014630436897277832,
      "train_r2_y": 0.008109748363494873,
      "train_r2_mean": 0.011370092630386353
    },
    "alpha_1e+00": {
      "eval_r2_x": 0.011110842227935791,
      "eval_r2_y": 0.005573630332946777,
      "eval_r2_mean": 0.008342236280441284,
      "train_r2_x": 0.010826945304870605,
      "train_r2_y": 0.005258619785308838,
      "train_r2_mean": 0.008042782545089722
    },
    "alpha_1e+01": {
      "eval_r2_x": 0.007197022438049316,
      "eval_r2_y": 0.003132045269012451,
      "eval_r2_mean": 0.005164533853530884,
      "train_r2_x": 0.006536900997161865,
      "train_r2_y": 0.0030165910720825195,
      "train_r2_mean": 0.004776746034622192
    },
    "alpha_1e+02": {
      "eval_r2_x": 0.0025855302810668945,
      "eval_r2_y": 0.0005053281784057617,
      "eval_r2_mean": 0.0015454292297363281,
      "train_r2_x": 0.0023993849754333496,
      "train_r2_y": 0.0006314516067504883,
      "train_r2_mean": 0.001515418291091919
    },
    "alpha_1e+03": {
      "eval_r2_x": 0.00033968687057495117,
      "eval_r2_y": -0.0001513957977294922,
      "eval_r2_mean": 9.414553642272949e-05,
      "train_r2_x": 0.00040405988693237305,
      "train_r2_y": 3.212690353393555e-05,
      "train_r2_mean": 0.0002180933952331543
    }
  },
  "coarse": {
    "input_dim": 1030,
    "n_train": 80000,
    "n_eval": 20000,
    "alpha_1e-01": {
      "eval_r2_x": 0.37382978200912476,
      "eval_r2_y": 0.3761061429977417,
      "eval_r2_mean": 0.3749679625034332,
      "train_r2_x": 0.39358919858932495,
      "train_r2_y": 0.3934319019317627,
      "train_r2_mean": 0.3935105502605438
    },
    "alpha_1e+00": {
      "eval_r2_x": 0.3738529682159424,
      "eval_r2_y": 0.376140296459198,
      "eval_r2_mean": 0.3749966323375702,
      "train_r2_x": 0.393587589263916,
      "train_r2_y": 0.3934329152107239,
      "train_r2_mean": 0.39351025223731995
    },
    "alpha_1e+01": {
      "eval_r2_x": 0.3740234971046448,
      "eval_r2_y": 0.3764265179634094,
      "eval_r2_mean": 0.3752250075340271,
      "train_r2_x": 0.3935315012931824,
      "train_r2_y": 0.3933677077293396,
      "train_r2_mean": 0.393449604511261
    },
    "alpha_1e+02": {
      "eval_r2_x": 0.3734223246574402,
      "eval_r2_y": 0.37620413303375244,
      "eval_r2_mean": 0.3748132288455963,
      "train_r2_x": 0.3915460705757141,
      "train_r2_y": 0.3911142945289612,
      "train_r2_mean": 0.39133018255233765
    },
    "alpha_1e+03": {
      "eval_r2_x": 0.3665120601654053,
      "eval_r2_y": 0.36893755197525024,
      "eval_r2_mean": 0.36772480607032776,
      "train_r2_x": 0.38206034898757935,
      "train_r2_y": 0.3799096345901489,
      "train_r2_mean": 0.38098499178886414
    }
  },
  "foveated": {
    "input_dim": 1030,
    "n_train": 80000,
    "n_eval": 20000,
    "alpha_1e-01": {
      "eval_r2_x": 0.38990557193756104,
      "eval_r2_y": 0.4297441244125366,
      "eval_r2_mean": 0.40982484817504883,
      "train_r2_x": 0.41095423698425293,
      "train_r2_y": 0.4352116584777832,
      "train_r2_mean": 0.42308294773101807
    },
    "alpha_1e+00": {
      "eval_r2_x": 0.3899605870246887,
      "eval_r2_y": 0.4297817349433899,
      "eval_r2_mean": 0.4098711609840393,
      "train_r2_x": 0.4109501242637634,
      "train_r2_y": 0.4352126121520996,
      "train_r2_mean": 0.4230813682079315
    },
    "alpha_1e+01": {
      "eval_r2_x": 0.3903636336326599,
      "eval_r2_y": 0.4300311207771301,
      "eval_r2_mean": 0.410197377204895,
      "train_r2_x": 0.4108814597129822,
      "train_r2_y": 0.4351385831832886,
      "train_r2_mean": 0.4230100214481354
    },
    "alpha_1e+02": {
      "eval_r2_x": 0.39087146520614624,
      "eval_r2_y": 0.4297451376914978,
      "eval_r2_mean": 0.410308301448822,
      "train_r2_x": 0.40889567136764526,
      "train_r2_y": 0.43315017223358154,
      "train_r2_mean": 0.4210229218006134
    },
    "alpha_1e+03": {
      "eval_r2_x": 0.38622409105300903,
      "eval_r2_y": 0.42418456077575684,
      "eval_r2_mean": 0.40520432591438293,
      "train_r2_x": 0.4000413417816162,
      "train_r2_y": 0.4246116876602173,
      "train_r2_mean": 0.41232651472091675
    }
  },
  "uniform": {
    "input_dim": 1030,
    "n_train": 80000,
    "n_eval": 20000,
    "alpha_1e-01": {
      "eval_r2_x": 0.4522833824157715,
      "eval_r2_y": 0.4423671364784241,
      "eval_r2_mean": 0.4473252594470978,
      "train_r2_x": 0.46536076068878174,
      "train_r2_y": 0.45493000745773315,
      "train_r2_mean": 0.46014538407325745
    },
    "alpha_1e+00": {
      "eval_r2_x": 0.452293336391449,
      "eval_r2_y": 0.4423874020576477,
      "eval_r2_mean": 0.44734036922454834,
      "train_r2_x": 0.4653584957122803,
      "train_r2_y": 0.45493143796920776,
      "train_r2_mean": 0.460144966840744
    },
    "alpha_1e+01": {
      "eval_r2_x": 0.45241791009902954,
      "eval_r2_y": 0.44256120920181274,
      "eval_r2_mean": 0.44748955965042114,
      "train_r2_x": 0.46533000469207764,
      "train_r2_y": 0.4549074172973633,
      "train_r2_mean": 0.46011871099472046
    },
    "alpha_1e+02": {
      "eval_r2_x": 0.45242756605148315,
      "eval_r2_y": 0.44302141666412354,
      "eval_r2_mean": 0.44772449135780334,
      "train_r2_x": 0.4643532633781433,
      "train_r2_y": 0.4540100693702698,
      "train_r2_mean": 0.45918166637420654
    },
    "alpha_1e+03": {
      "eval_r2_x": 0.44802284240722656,
      "eval_r2_y": 0.4397672414779663,
      "eval_r2_mean": 0.44389504194259644,
      "train_r2_x": 0.45750534534454346,
      "train_r2_y": 0.4473468065261841,
      "train_r2_mean": 0.45242607593536377
    }
  },
  "foveated_logpolar": {
    "input_dim": 1030,
    "n_train": 80000,
    "n_eval": 20000,
    "alpha_1e-01": {
      "eval_r2_x": 0.40093159675598145,
      "eval_r2_y": 0.42298704385757446,
      "eval_r2_mean": 0.41195932030677795,
      "train_r2_x": 0.4093148112297058,
      "train_r2_y": 0.4313868284225464,
      "train_r2_mean": 0.4203508198261261
    },
    "alpha_1e+00": {
      "eval_r2_x": 0.4009515643119812,
      "eval_r2_y": 0.4230104684829712,
      "eval_r2_mean": 0.4119810163974762,
      "train_r2_x": 0.4093173146247864,
      "train_r2_y": 0.4313877820968628,
      "train_r2_mean": 0.4203525483608246
    },
    "alpha_1e+01": {
      "eval_r2_x": 0.4011196494102478,
      "eval_r2_y": 0.42316901683807373,
      "eval_r2_mean": 0.41214433312416077,
      "train_r2_x": 0.4092816114425659,
      "train_r2_y": 0.43136173486709595,
      "train_r2_mean": 0.42032167315483093
    },
    "alpha_1e+02": {
      "eval_r2_x": 0.4012482762336731,
      "eval_r2_y": 0.42334675788879395,
      "eval_r2_mean": 0.4122975170612335,
      "train_r2_x": 0.4080634117126465,
      "train_r2_y": 0.43033134937286377,
      "train_r2_mean": 0.4191973805427551
    },
    "alpha_1e+03": {
      "eval_r2_x": 0.39699041843414307,
      "eval_r2_y": 0.41888201236724854,
      "eval_r2_mean": 0.4079362154006958,
      "train_r2_x": 0.400035560131073,
      "train_r2_y": 0.42310184240341187,
      "train_r2_mean": 0.41156870126724243
    }
  }
}