{
  "blind": 0.10848131030797958,
  "coarse": 0.09267029166221619,
  "foveated": 0.13428674638271332,
  "foveated_logpolar": 0.10575512051582336
}