{
  "conditions": [
    "blind",
    "coarse",
    "foveated",
    "foveated_logpolar",
    "uniform"
  ],
  "n_pcs": 10,
  "n_delays": 15,
  "rank": 40,
  "T_per_trial": 50,
  "n_trials": 100,
  "score_method": "angular",
  "within_condition_floor": {
    "blind": 0.23393326997756958,
    "coarse": 0.07773149013519287,
    "foveated": 0.05382940173149109,
    "foveated_logpolar": 0.10004405677318573,
    "uniform": 0.10323908925056458
  },
  "dsa_distance_matrix": [
    [
      0.0,
      0.29284676909446716,
      0.2741035521030426,
      0.23721584677696228,
      0.2679815888404846
    ],
    [
      0.29284676909446716,
      0.0,
      0.08545009791851044,
      0.10563194751739502,
      0.08013156056404114
    ],
    [
      0.2741035521030426,
      0.08545009791851044,
      0.0,
      0.08784763514995575,
      0.07976585626602173
    ],
    [
      0.23721584677696228,
      0.10563194751739502,
      0.08784763514995575,
      0.0,
      0.09080621600151062
    ],
    [
      0.2679815888404846,
      0.08013156056404114,
      0.07976585626602173,
      0.09080621600151062,
      0.0
    ]
  ]
}