{
  "conditions": [
    "blind",
    "coarse",
    "foveated",
    "foveated_logpolar"
  ],
  "n_pcs": 10,
  "n_delays": 15,
  "rank": 40,
  "score_method": "angular",
  "dsa_distance_matrix": [
    [
      0.0,
      0.10014783591032028,
      0.2481711208820343,
      0.10056191682815552
    ],
    [
      0.10014783591032028,
      0.0,
      0.21066372096538544,
      0.108622707426548
    ],
    [
      0.2481711208820343,
      0.21066372096538544,
      0.0,
      0.26105526089668274
    ],
    [
      0.10056191682815552,
      0.108622707426548,
      0.26105526089668274,
      0.0
    ]
  ]
}