{
  "per_cond": {
    "blind": {
      "dgm_0": {
        "persistent_count_mean": 970.6666666666666,
        "persistent_count_std": 4.496912521077347,
        "max_persistence_mean": 0.8200697898864746
      },
      "dgm_1": {
        "persistent_count_mean": 219.33333333333334,
        "persistent_count_std": 4.109609335312651,
        "max_persistence_mean": 0.3376532196998596
      }
    },
    "coarse": {
      "dgm_0": {
        "persistent_count_mean": 988.6666666666666,
        "persistent_count_std": 1.8856180831641267,
        "max_persistence_mean": 0.9193795124689738
      },
      "dgm_1": {
        "persistent_count_mean": 203.33333333333334,
        "persistent_count_std": 5.2493385826745405,
        "max_persistence_mean": 0.3212595383326213
      }
    },
    "foveated": {
      "dgm_0": {
        "persistent_count_mean": 948.3333333333334,
        "persistent_count_std": 10.780641085864152,
        "max_persistence_mean": 0.9077484806378683
      },
      "dgm_1": {
        "persistent_count_mean": 152.0,
        "persistent_count_std": 4.242640687119285,
        "max_persistence_mean": 0.31262803077697754
      }
    },
    "foveated_logpolar": {
      "dgm_0": {
        "persistent_count_mean": 902.3333333333334,
        "persistent_count_std": 6.944222218666553,
        "max_persistence_mean": 0.9496951500574747
      },
      "dgm_1": {
        "persistent_count_mean": 183.33333333333334,
        "persistent_count_std": 11.785113019775793,
        "max_persistence_mean": 0.3500927686691284
      }
    },
    "uniform": {
      "dgm_0": {
        "persistent_count_mean": 903.0,
        "persistent_count_std": 10.424330514074594,
        "max_persistence_mean": 0.9544707338015238
      },
      "dgm_1": {
        "persistent_count_mean": 133.33333333333334,
        "persistent_count_std": 2.0548046676563256,
        "max_persistence_mean": 0.32115934292475384
      }
    }
  },
  "wasserstein_within": {
    "blind": {
      "mean": 8.86005570849141,
      "std": 0.6893970629189307
    },
    "coarse": {
      "mean": 10.31861594011345,
      "std": 1.3427915317000785
    },
    "foveated": {
      "mean": 8.589243022113422,
      "std": 0.3864852764260111
    },
    "foveated_logpolar": {
      "mean": 11.118648587961594,
      "std": 0.8646553787521415
    },
    "uniform": {
      "mean": 8.171119971443652,
      "std": 0.1800011469682176
    }
  },
  "wasserstein_across": {
    "blind_vs_coarse": 19.35284354652494,
    "blind_vs_foveated": 18.84855439467406,
    "blind_vs_foveated_logpolar": 20.020193357229942,
    "blind_vs_uniform": 20.96491304056165,
    "coarse_vs_foveated": 19.49229202336163,
    "coarse_vs_foveated_logpolar": 12.956758957395989,
    "coarse_vs_uniform": 21.38111102057462,
    "foveated_vs_foveated_logpolar": 14.207744058537989,
    "foveated_vs_uniform": 9.733430308287081,
    "foveated_logpolar_vs_uniform": 15.403412479617325
  },
  "bottleneck_across": {
    "blind_vs_coarse": 0.0564491351445516,
    "blind_vs_foveated": 0.08053940534591675,
    "blind_vs_foveated_logpolar": 0.06722889343897502,
    "blind_vs_uniform": 0.06369994084040324,
    "coarse_vs_foveated": 0.05916482210159302,
    "coarse_vs_foveated_logpolar": 0.046275317668914795,
    "coarse_vs_uniform": 0.05885831514994303,
    "foveated_vs_foveated_logpolar": 0.060868024826049805,
    "foveated_vs_uniform": 0.06854281822840373,
    "foveated_logpolar_vs_uniform": 0.07177968819936116
  }
}