{
  "blind": {
    "n_fit_units": 30,
    "n_total_units": 30,
    "median_tau": 19.269111092633302,
    "mean_tau": 19.970623153934536,
    "iqr_low": 13.182183485104064,
    "iqr_high": 26.087969757363645,
    "p10": 9.23298385074434,
    "p90": 31.34748616768041,
    "tau_dist": [
      35.088602554668846,
      26.789752013065616,
      18.991735160800246,
      12.378046785200004,
      30.559971870808628,
      37.94450651346335,
      31.335463086015686,
      4.073709678050727,
      24.853551749654404,
      6.33466168745732,
      3.360951976721599,
      31.455693902662937,
      22.086630582562695,
      11.967351611077383,
      20.38142837240391,
      16.65713016137845,
      31.02938021148017,
      19.383483558995444,
      13.372288741250253,
      25.1283168974824,
      21.503323128763792,
      19.15473862627116,
      17.962555168194413,
      17.54084513570812,
      13.118815066388667,
      9.55501964666512,
      20.197118531655835,
      18.480152767297334,
      26.407854043990724,
      12.025615387900787
    ]
  },
  "coarse": {
    "n_fit_units": 30,
    "n_total_units": 30,
    "median_tau": 7.723675329801381,
    "mean_tau": 9.788565886273522,
    "iqr_low": 6.97602526549634,
    "iqr_high": 10.844757882062549,
    "p10": 6.498324744384935,
    "p90": 14.078109886405272,
    "tau_dist": [
      33.852860658443646,
      13.977787345691073,
      14.98101275283305,
      22.835756527225954,
      9.88913622678546,
      7.679109925859738,
      11.761066311421853,
      7.3382774282094125,
      6.963181024759681,
      7.324575776306153,
      11.575178257045021,
      2.385392450701968,
      6.674167420419675,
      8.0833234152508,
      4.3224307700825815,
      6.632237749710088,
      8.514384153138861,
      13.400567779493624,
      10.939854030196916,
      5.293107696458557,
      6.644950800466927,
      9.802185729757365,
      7.768240733743025,
      7.014557987706319,
      6.9234540134872615,
      8.281927224022319,
      10.55946943765945,
      7.252518485895093,
      7.40703438480726,
      7.579230090626559
    ]
  },
  "foveated": {
    "n_fit_units": 30,
    "n_total_units": 30,
    "median_tau": 9.21279239854376,
    "mean_tau": 10.464987719125654,
    "iqr_low": 6.980425540613416,
    "iqr_high": 10.433590551115808,
    "p10": 6.144407749751228,
    "p90": 15.097124435969292,
    "tau_dist": [
      37.9125561668455,
      14.768519512937564,
      18.0545687432548,
      22.19970045318574,
      9.866391583030556,
      9.614798295951388,
      10.299145579352272,
      9.022231966805501,
      9.457243528721538,
      9.403352830282019,
      11.947965632890352,
      8.865950506144832,
      10.478405541703653,
      9.712871764739086,
      7.721069846479381,
      6.508600827784918,
      11.096859722792695,
      8.654957407957056,
      5.789862541359536,
      7.810054672767284,
      9.78349124566441,
      10.634397249416756,
      6.554528569339649,
      6.50903613131308,
      8.957529357971655,
      6.147652850409689,
      7.426078668513626,
      5.804734034349911,
      6.115201843825078,
      6.831874497980012
    ]
  },
  "foveated_logpolar": {
    "n_fit_units": 30,
    "n_total_units": 30,
    "median_tau": 8.99596109534767,
    "mean_tau": 10.660535079745104,
    "iqr_low": 7.300491598334489,
    "iqr_high": 10.3420173238868,
    "p10": 5.55865529068971,
    "p90": 12.879230148318623,
    "tau_dist": [
      28.009285664916252,
      41.07245919706545,
      11.243689462156562,
      11.863004546382994,
      20.060903491395297,
      12.081266443532312,
      8.62126159928545,
      9.68772870289349,
      9.459308932341946,
      7.18502899119298,
      9.536905122764203,
      9.120437021589595,
      6.788425407804252,
      7.7189021030143685,
      7.267325606964469,
      9.640319650830193,
      4.894667210418098,
      5.552305355303808,
      5.5593608390659215,
      9.918664268238917,
      9.587142673069078,
      10.483135009102762,
      6.768815575538572,
      8.871485169105744,
      7.82721663301383,
      7.399989572444546,
      4.975819557113931,
      8.654869531874942,
      8.087150462521414,
      11.87917859141169
    ]
  },
  "uniform": {
    "n_fit_units": 30,
    "n_total_units": 30,
    "median_tau": 8.483619560314699,
    "mean_tau": 10.619871301175756,
    "iqr_low": 7.243381782211706,
    "iqr_high": 11.103581710814954,
    "p10": 6.449527542046719,
    "p90": 16.35223318362627,
    "tau_dist": [
      39.56234501244121,
      16.772856951842986,
      16.30549720937997,
      22.49219874908011,
      15.985370220168656,
      11.995293678891965,
      7.424889156176805,
      10.195306477201273,
      11.406340122019515,
      10.106982587711641,
      6.462777277317021,
      9.26953637203704,
      13.015837004280955,
      9.13951666526766,
      8.27883961713105,
      8.933837901106003,
      7.357675715913762,
      7.657079555239849,
      7.6051839255178315,
      6.845756820818969,
      9.576952206691875,
      5.547237307676966,
      7.205283804311021,
      6.4860066902976605,
      5.445119075839033,
      6.330279924614008,
      6.789959957173445,
      8.688399503498347,
      7.564179416089212,
      8.149600129536852
    ]
  }
}