{
  "blind": {
    "eval_r2": -0.0002522468566894531,
    "train_r2": -0.0005037188529968262,
    "n_train": 80000,
    "n_eval": 20000
  },
  "coarse": {
    "eval_r2": 0.9977244138717651,
    "train_r2": 0.9982722997665405,
    "n_train": 80000,
    "n_eval": 20000
  },
  "foveated": {
    "eval_r2": 0.997900128364563,
    "train_r2": 0.9983419179916382,
    "n_train": 80000,
    "n_eval": 20000
  },
  "uniform": {
    "eval_r2": 0.9975709319114685,
    "train_r2": 0.9979282021522522,
    "n_train": 80000,
    "n_eval": 20000
  },
  "foveated_logpolar": {
    "eval_r2": 0.9977737069129944,
    "train_r2": 0.9981486797332764,
    "n_train": 80000,
    "n_eval": 20000
  }
}