{
  "blind_gibson": {
    "n_steps": 1912,
    "n_train": 1549,
    "n_test": 363,
    "n_episodes": 500,
    "goal_vector_r2": -0.03838479518890381,
    "goal_vector_mae_m": 5.532782554626465,
    "r2_forward": -0.06697022914886475,
    "r2_lateral": -0.009799361228942871,
    "goal_dist_r2": 0.7826232314109802,
    "goal_dist_mae_m": 1.4535112380981445,
    "goal_direction_r2": -0.062369704246520996,
    "goal_direction_mae_deg": 121.4146957397461,
    "goal_vector_r2_control": -0.037589311599731445,
    "goal_vector_selectivity": -0.0007954835891723633,
    "gps_r2_reference": 0.3049577474594116
  },
  "uniform_gibson": {
    "n_steps": 1907,
    "n_train": 1515,
    "n_test": 392,
    "n_episodes": 500,
    "goal_vector_r2": -0.02232116460800171,
    "goal_vector_mae_m": 5.16542387008667,
    "r2_forward": -0.07471871376037598,
    "r2_lateral": 0.030076265335083008,
    "goal_dist_r2": 0.8573555946350098,
    "goal_dist_mae_m": 1.167391061782837,
    "goal_direction_r2": -0.03283098340034485,
    "goal_direction_mae_deg": 115.4485092163086,
    "goal_vector_r2_control": -0.022421151399612427,
    "goal_vector_selectivity": 9.998679161071777e-05,
    "gps_r2_reference": 0.2547551095485687
  },
  "foveated_gibson": {
    "n_steps": 2097,
    "n_train": 1639,
    "n_test": 458,
    "n_episodes": 500,
    "goal_vector_r2": -0.01525038480758667,
    "goal_vector_mae_m": 5.3258233070373535,
    "r2_forward": -0.10183155536651611,
    "r2_lateral": 0.07132995128631592,
    "goal_dist_r2": 0.86215740442276,
    "goal_dist_mae_m": 1.3040995597839355,
    "goal_direction_r2": -0.07505249977111816,
    "goal_direction_mae_deg": 121.65206909179688,
    "goal_vector_r2_control": -0.009589612483978271,
    "goal_vector_selectivity": -0.0056607723236083984,
    "gps_r2_reference": 0.3486814498901367
  },
  "foveated_learned_gibson": {
    "n_steps": 85746,
    "n_train": 63220,
    "n_test": 22526,
    "n_episodes": 500,
    "goal_vector_r2": -1.5698204040527344,
    "goal_vector_mae_m": 6.701425552368164,
    "r2_forward": -2.5070016384124756,
    "r2_lateral": -0.6326487064361572,
    "goal_dist_r2": 0.8953351378440857,
    "goal_dist_mae_m": 1.2571693658828735,
    "goal_direction_r2": -0.7746219635009766,
    "goal_direction_mae_deg": 112.73172760009766,
    "goal_vector_r2_control": -0.505268394947052,
    "goal_vector_selectivity": -1.0645520091056824,
    "gps_r2_reference": -1.774278163909912
  },
  "matched_gibson": {
    "n_steps": 1914,
    "n_train": 1575,
    "n_test": 339,
    "n_episodes": 500,
    "goal_vector_r2": 0.04345822334289551,
    "goal_vector_mae_m": 5.505665302276611,
    "r2_forward": 0.05365145206451416,
    "r2_lateral": 0.03326541185379028,
    "goal_dist_r2": 0.8517357110977173,
    "goal_dist_mae_m": 1.4644235372543335,
    "goal_direction_r2": -0.032691001892089844,
    "goal_direction_mae_deg": 109.71731567382812,
    "goal_vector_r2_control": 0.04372933506965637,
    "goal_vector_selectivity": -0.00027111172676086426,
    "gps_r2_reference": 0.4669520854949951
  }
}