{
  "pairing": "episode_mean",
  "n_paired_episodes": 500,
  "conditions": [
    "blind",
    "coarse",
    "uniform",
    "foveated",
    "foveated_learned"
  ],
  "d1_matrix": [
    [
      9.662300047006016e-08,
      8732.262292386302,
      4024.377570313002,
      4446.15778314271,
      4070.3145079411865
    ],
    [
      8732.262292386302,
      3.7248276177198234e-06,
      8877.55137786929,
      8858.939692216101,
      8895.27699512904
    ],
    [
      4024.377570313002,
      8877.55137786929,
      1.8489371968909942e-07,
      3773.691712788702,
      3337.6920838146552
    ],
    [
      4446.15778314271,
      8858.939692216101,
      3773.691712788702,
      2.780157171132758e-07,
      3632.59361839174
    ],
    [
      4070.3145079411865,
      8895.27699512904,
      3337.6920838146552,
      3632.59361839174,
      6.283732258313777e-08
    ]
  ],
  "theta1_matrix": [
    [
      2.1073424255447017e-08,
      1.102661659220206,
      1.220528757286894,
      1.2309677272734885,
      1.2430720096765469
    ],
    [
      1.102661659220206,
      1.4901161193847656e-08,
      1.1338388630244554,
      1.1388680333616856,
      1.1382607555791455
    ],
    [
      1.220528757286894,
      1.1338388630244554,
      0.0,
      1.0762583648861264,
      1.0710851847563316
    ],
    [
      1.2309677272734885,
      1.1388680333616856,
      1.0762583648861264,
      2.9802322387695312e-08,
      1.0342131821814289
    ],
    [
      1.2430720096765469,
      1.1382607555791455,
      1.0710851847563316,
      1.0342131821814289,
      0.0
    ]
  ],
  "linear_cka_matrix": [
    [
      1.0,
      0.22645233932219272,
      0.13028553911165625,
      0.10564798809198021,
      0.09389816557679805
    ],
    [
      0.22645233932219272,
      1.0,
      0.19893869647710272,
      0.17983173609453032,
      0.18125047266616892
    ],
    [
      0.13028553911165625,
      0.19893869647710272,
      1.0,
      0.25153175327061916,
      0.20235636814519314
    ],
    [
      0.10564798809198021,
      0.17983173609453032,
      0.25153175327061916,
      1.0,
      0.2695104391901246
    ],
    [
      0.09389816557679805,
      0.18125047266616892,
      0.20235636814519314,
      0.2695104391901246,
      1.0
    ]
  ],
  "triangle_violations": {
    "d1": 0,
    "theta1": 0,
    "1_minus_cka": 0
  }
}